"","sgNfe2l1","sgNfe2l2","doubleKO"
"Rpl7",0.101710911533063,0.627326966164633,0.558631403204759
"Il1r2",0.16062339495024,1.52420517054743,1.17157930409224
"Hspd1",0.571926582337626,0.517086530201312,0.41977684880288
"Eef1b2",0.180518617663351,0.52436142315495,0.580887496098399
"Rpl10a-ps1",0.258735589137701,0.788892757432179,0.553311756263969
"Idh1",0.692583612155182,0.281676535489861,0.288780565029332
"Dock10",-0.835444383082409,-0.486917202069515,-0.589633903511507
"C130026I21Rik",0.242476052181049,0.662758950732328,0.24879940401712
"Gm10552",1.34019252384841,0.918794031742459,0.367433939906833
"Zcchc2",-0.196359418900369,-0.399318132553971,-0.557037774111239
"Serpinb2",0.355124273475113,0.912581046211958,0.780580524361293
"Mapkapk2",-0.822059753277298,-0.565472038845883,-0.498853271917
"Gm4258",-0.628205206464679,-1.52056402752737,-0.954814616800956
"Rgs2",-0.0311976858937504,0.538456939265806,0.284540974957417
"Ptgs2",-0.922775909304224,0.18488472490629,0.226050560489263
"Fam129a",-0.463645335424536,0.633186798059874,0.667077261800848
"Gas5",-0.0644733224130487,0.423033098766737,0.545560254402486
"Prdx6",0.59995810647478,0.354635502769652,0.170407372607757
"Tnfsf4",-0.130946672365742,0.544216587033706,0.492168937156034
"Creg1",0.232804286870426,-0.941719887099454,-0.822631044615709
"Fcgr4",0.0785516741397769,0.509386651977286,0.23223538968892
"Fcgr3",0.756047431368005,0.500894436225423,0.142552400308965
"Nit1",1.14782669568788,0.672291832422752,0.552510259517029
"Slamf9",-0.3405678824043,0.904830775907513,0.848714288434139
"Zbtb18",-0.204566458202958,0.599391133630182,0.602653521991813
"Traf5",-0.0481833888372938,-0.817914648441819,-0.41418282310101
"Optn",-0.164526366244771,-0.146438723933021,-0.596505239831332
"Atp5c1",0.548330544601939,0.471896498735612,0.291527156051561
"Il2ra",0.65965602664609,1.32798462975011,1.15709465011413
"Mrc1",-0.0817356799731694,-0.41491986422283,-0.641249574690644
"Otud1",-0.28346341824461,-0.609325942460224,-0.30475315869705
"Il1f9",0.596306307122351,-0.804779902674837,-1.72572329008316
"Ass1",0.583249305017265,0.854429662302415,0.496773030623618
"Fam129b",-0.224055142799542,-0.610017496710612,-0.298547576220631
"Angptl2",0.471022169361596,-1.92897154811334,-1.32911895401992
"Traf1",-0.836663735545392,0.0431501380418133,-0.077338349803048
"Gsn",-0.286503944293252,-0.592999115585595,-0.165894629631968
"Ttll11",2.490536223062,1.97582579879764,1.72064770189325
"Rpl35",-0.0997622024246825,0.391198244612641,0.541846821693129
"Cytip",0.140637902477379,0.71284763913278,0.560858188609864
"Gm13546",-0.532421545531837,1.01734791185701,1.14928340800435
"Upp2",-0.0600841794274691,-1.14337196409514,-0.644142764722516
"Gm13571",0.813340270865944,0.718104006456369,0.182065005504962
"Clp1",0.394013930346239,0.760666257480839,0.13897335320201
"Prg2",-2.86007784139772,-1.99112874614407,-1.4544899007402
"Apip",0.532095315648827,0.547274964382816,0.182615049566821
"Rcn1",-0.686650877505939,-1.12411847178426,-0.693032323468864
"Immp1l",0.601229055767257,0.179672134471144,-0.0685108994234653
"Arl14ep",1.23041863337985,1.22052774335393,1.34233665186884
"Thbs1",-1.21299129467546,-0.411559408170413,-0.0423417399470418
"Btbd3",1.82642679821841,2.11603922310145,2.50599580446991
"Snrpb2",0.0697640311959695,0.501690682814781,0.230783799621856
"Xrn2",0.359522433660504,0.654567420232883,0.345265327779409
"Cst3",-0.0992203009110799,0.600169083389275,0.57155496238847
"Srxn1",0.229794366445357,-1.47036556622227,-1.22013210683096
"Bcl2l1",-0.233065196365968,0.673584978541919,0.336637705690371
"Acss2",-0.393142295755386,-1.90748752051247,-0.647265579488765
"Procr",0.936314728127473,0.192308266566468,0.352581966372369
"Epb41l1",-1.10482025353818,-1.27760913059607,-1.47616578309953
"Mafb",0.406999118002032,1.11201074044635,1.49745812584022
"Stk4",-0.663658073044404,0.0604039313310283,0.0888145888361436
"Cebpb",-0.605193576060051,-0.592700611440699,-0.318363406139788
"Rps21",0.00480906901556111,0.326243593116313,0.549363356586566
"Zbtb46",0.24215560259252,1.38244941118662,0.94487137689388
"Otud5",-0.747188435052238,-0.333455011273499,-0.375181974751363
"Ebp",0.174823682416877,0.500148987659473,0.376849557821139
"Timp1",-0.0947837467626025,0.73919221451544,0.73440288528566
"Cfp",-0.133403287850951,0.500788032276162,0.530387477482973
"Slc25a5",0.578901096490045,0.603803726337238,0.308428409317168
"Rpl39",0.354495779062306,0.354313288995336,0.516632456800444
"Lamp2",0.610111951931342,0.407410325796551,0.221030179922463
"Brcc3",0.543632639406304,0.824147259499825,0.457314419948707
"Vbp1",0.281753179639176,0.614235408775841,0.356146382048101
"Gm6977",0.695685806369694,0.253485153614541,-0.0948863593453568
"Apool",0.471260639543782,0.660627380953237,0.228394276757307
"Rpl36a",0.375356297186643,1.04765212031257,0.616283038625808
"Tceal8",0.684256699375068,0.487489679354161,0.536526532992881
"Rnf128",0.248675803152739,-0.863937406577114,-0.586558179030654
"Tmem29",0.516554371373937,0.817383733911923,0.575920457209215
"Acot9",0.0837068972741148,0.52104237899914,0.251845572520815
"Mid1",-0.312021979482595,-1.02133093935731,-0.989676138457282
"Gm15247",-0.648006220850355,-1.08498265935797,-0.812835951888021
"Car2",0.0962712189966748,0.965040276907748,0.815142299685937
"Rpl22l1",-0.337394467730158,0.583288344311854,0.576603959371926
"Alg5",0.420451927595733,0.597805540407107,0.340153301600934
"Med12l",1.2388060483428,0.643658337300391,0.215962841213695
"Gmps",0.489998136138139,0.813995680451315,0.431187497547108
"Ptx3",-0.512204660990839,-0.261368164983084,-0.114607938394665
"Rps3a1",0.181050699172321,0.500460816141867,0.523081308508299
"Fcrls",-0.701811643481665,1.0258127694923,0.71471117873915
"Ssr2",0.312490433617078,0.662608722579733,0.423462473071337
"Arhgef2",-0.935336653287469,-0.191882861902219,-0.255993611720334
"Cers2",0.838909005956586,0.38201326069836,-0.157434392962305
"Fcgr1",0.0508036390370137,0.922195605708596,0.440879048858328
"Txnip",0.152953879278243,0.373236040583655,0.686114392260797
"Notch2",-0.676935555845755,-0.366583483720057,-0.366894767040869
"Cd53",0.640025844686951,0.330250836629251,0.117580339996161
"AI504432",-1.16321539692264,0.0236668520074117,0.343692826431869
"Gstm1",0.324783370825139,-0.560066898371788,-0.923995126072714
"Psma5",0.196921779173941,0.526193723590128,0.43395365462679
"Prpf38b",-0.430335912813666,-0.645333085338093,-0.6755287697447
"Snhg8",-0.552756507975388,-0.233712530989272,0.216122122989869
"Cenpe",-0.0686329899822198,0.917158036454055,0.592384190714013
"Gtf2b",0.230956759455704,0.538307843381997,0.308208117289957
"Lmo4",-0.861270033896888,0.0774340632937509,0.100153136551159
"Ifi44",-0.506963910437681,-0.0160543073110988,-0.0602506123061435
"Cd72",0.179332022613341,1.21829176216131,0.753542348622477
"Nr4a3",-0.586170325581581,0.274427224251384,0.506853676843673
"Ifna14",0.784711353183445,2.11311394522402,1.73428773167082
"Ifna9",-0.083781632191021,1.69985229634249,1.44797341306726
"Ifna16",0.392619102001332,1.55567424271162,1.70390807317661
"Ifna2",0.181375591648764,0.874304733593337,0.760742434508657
"Ifna5",0.163232030034302,1.60574335121848,1.45761797773923
"Ifna4",0.136132951010775,1.56554940611283,1.19822706975254
"Tusc1",-0.442262436474546,-1.21972217916615,-0.0555955163045341
"Dhcr24",-1.88156558322757,-1.79364022631817,-0.909291474660684
"Magoh",0.26521911190619,0.604017454997312,0.638935969093903
"Akr1a1",0.571462718639795,-0.232856211294916,-0.246388185581603
"Prdx1",0.639769686590475,-0.511467227657921,-0.249585516201684
"Sf3a3",0.293978425564205,0.634601541495147,0.721972052508214
"Grik3",0.26666227206241,-0.420961332565083,-0.644151846536174
"Psmb2",0.371389023010842,0.567393119548084,0.456971031585748
"Marcksl1",-0.891587765920841,-0.0960979405013909,0.0671219350714107
"Sdc3",-0.672264696790632,-0.231786270616634,-0.028083610033705
"Oprd1",-0.345812102212567,0.791552823667126,1.17460632552811
"Fgr",-1.1658998999076,-0.19626810944185,-0.215616520777936
"Cd52",0.162949769135166,0.423646819657682,0.504833827172419
"C1qb",-0.447455860705634,1.01233702397674,0.650948814612565
"C1qc",-0.373587386916863,1.0581642527671,0.702579347187502
"C1qa",-0.107557937143164,1.62961629509326,1.78676817406677
"Efhd2",-0.664300753357432,-0.421926997544019,-0.212625870171204
"Tnfrsf1b",-0.751617209031352,-0.406878312368567,-0.458481131681783
"Gm26624",0.402794567862204,0.748094119063976,0.455777989667038
"Eno1",0.354815677329718,0.538506854176443,0.33671809031976
"Tnfrsf9",-0.570936787145818,1.03493970665213,1.29339100321474
"Cd36",0.882754144681115,-0.0194512118089758,-0.0996314806339065
"Ccdc146",0.941112288780467,0.26373745508615,-0.76255794168375
"Fgl2",-0.554128783411053,0.45005741479601,0.576738135455184
"Psmc2",0.107671564191707,0.505311694501063,0.0937808561916853
"Insig1",-0.540430395309341,-0.55724175350468,-0.611187590217701
"Il6",-0.7100100155508,-0.0754720799881916,0.0100785372369518
"Zfp512",1.79280952204959,1.64236528214311,1.61046286422325
"Kdr",-0.861810177402879,0.22201747243767,0.171915364556566
"Stap1",0.294264217998332,0.685284645321051,0.288086910971892
"Pf4",0.549498650974124,0.300452158268392,0.844225613004765
"Sept11",-0.355301650268461,-0.36452190084266,-0.604251969065826
"Mir703",-0.0677348710391605,0.592892662031748,0.387107183951474
"Arhgap24",-0.879688289031463,-0.376982403838729,-0.791955991832276
"Rplp0",0.315469022737698,0.546540039217525,0.428670538028038
"Oas3",-0.797636423166766,-0.198029303574853,-0.146416840065263
"Rpl6",0.2456186074561,0.642369374364821,0.59017173590733
"Trafd1",-0.657919718747172,-0.53316933397427,-0.316956834368337
"Aldh2",-0.0819133568462593,-0.603405759676376,-0.628705723372462
"Hvcn1",0.331762520511331,-0.302426408372154,-0.587927432316376
"P2rx4",-0.541192150209336,-0.0761259052516667,-0.163049580042673
"Sbds",0.264113725443719,0.541018598083197,0.322193133938269
"Mdh2",0.717626238095963,0.562917926307786,0.363804200981857
"Pilra",0.334461672262493,0.833935055229703,0.575401513306609
"Pilrb1",-0.178045983358824,0.828975557381139,0.55157067600202
"Fam20c",0.35105091723857,-0.330867766958404,-0.544295293179258
"Fscn1",-0.767860798813334,0.353755980909525,0.847556082309951
"Pon2",-0.506572910535858,-0.23689041687363,-0.259691967804716
"Rpa3",0.420140787553825,0.793996719874882,1.11535887560675
"Ndufa4",0.513709219360276,-0.259525488309702,-0.169264807601332
"Tfec",0.873026434246158,0.0304250850508758,-0.328996648801348
"Gm15581",0.882396996340658,0.0111625114031195,-0.707868616572624
"Copg2",0.901391337240829,0.995668628097169,0.366836743281329
"Akr1b10",1.51872728575876,0.99919383292235,0.0686187539575265
"Ssbp1",0.413562409509114,0.643546446959129,0.539446214079612
"Clec5a",0.0285247994168882,0.516691641732938,0.148246736919469
"Pdia4",0.605499971132153,0.281262979845744,0.143951207014172
"Tra2a",-0.524461729055695,-0.32498309164769,-0.31601748457947
"Npy",-0.0371841050055108,0.53230989384767,0.431983268147492
"Tnip3",0.248583343792625,0.63313053665996,0.321303272220678
"Rnf181",0.744377353020312,0.463128693364314,0.260524154690351
"Mthfd2",0.0741746145659805,0.764815521913595,0.544443982004876
"Mgll",-0.134576932160195,-0.398602294651146,-0.581574652501469
"Plxna1",-0.405095615841596,-0.566715824174341,-0.609332829572486
"Frmd4b",-0.78288999646489,0.2323480461205,-0.182888820978149
"Foxp1",-1.02247334058401,-0.321527964763581,-0.194906217788766
"Irak2",-0.820864656199719,-0.501540058988128,-0.437314414519953
"Rpl32",0.152319852544178,0.408410963644599,0.500716829219495
"Gm44148",0.813398472146751,0.0787564126740934,-0.187101149122647
"C3ar1",0.677803007794562,0.427199497776911,0.108501473432819
"Clec4n",0.784943187887091,0.00720099924720508,-0.0292544600931262
"Emg1",0.802639269695145,0.813900786992067,1.22500801618268
"Ptms",-0.821399630936992,-0.304766818808588,-0.335030583116996
"Ccnd2",-0.527976419326919,0.51144269408943,0.400360994493166
"Clec7a",0.366983201630932,0.523589418120109,0.243637577576774
"Olr1",0.883417859156278,0.691565833975289,0.478694616051568
"Tarm1",-0.294457791776552,-0.551548967347731,-0.407661273427952
"Leng9",-1.18757013841278,-1.18393621930587,-1.80095518556105
"C5ar1",-0.503616617182719,-0.0660337236647184,0.0726884754812271
"Rps19",0.0868408878895242,0.551983087840695,0.493349074346972
"Axl",-0.543845848890802,-0.0300379370241508,-0.083197352846641
"Blvrb",0.28058661258623,-0.983756373386893,-0.777757273151519
"Rps16",0.0141988026121549,0.294492006827614,0.505483594632166
"Hamp",-1.51677381870283,-0.463119896101288,-0.24709538635342
"Fxyd5",0.141838672548074,0.554112809895491,0.337203007473827
"Ccne1",-0.525801888060048,-0.357075290019587,-0.889620316341869
"Klk1b1",-0.164192733267425,0.871251445508618,0.322055236797277
"Klk1b9",-0.810177700707905,1.3046947816143,0.545066787945616
"Klk1b11",-0.674924686696983,0.912632728245668,0.438543124578847
"Napsa",-0.0920075724133991,0.623993640755452,0.277431021265636
"Il4i1",0.479731088139117,1.40170816551437,1.09129757562115
"Rps11",0.0816216285676763,0.584904553672965,0.70976623086788
"Gm10252",0.303651167772846,-1.09435706394688,-1.61513787246314
"Saa3",-1.13306368636884,0.30031049512775,0.302987170170485
"Gm10974",0.629868115374519,0.844770112775584,0.397554996898147
"Abhd2",-0.539161775711913,-0.77139058384351,-0.377838732289035
"Prc1",0.524295861373094,1.0876426012813,0.801724286220367
"Furin",-0.592305641791977,-0.411097409669627,-0.266388062368208
"Tmem126a",0.581029676793539,0.264163049005145,-0.0594938921484154
"Trim30c",-0.470398741461718,-0.312015464982111,-0.516228697142575
"Eif3f",0.069737723323299,0.471634356749515,0.527295064563203
"Rps15a",-0.0605007592910738,0.546396703081427,0.627405735421672
"Gde1",-0.0496515136990618,-0.579650694480773,-0.246290483870687
"Uqcrc2",0.356462452729057,0.596257630604137,0.475742439139698
"Ifitm1",-0.0240135496651845,0.680515772126507,0.593405045800001
"Ifitm3",-0.24727031924925,0.671844445153662,0.463323324725604
"Lsp1",-0.241465557703648,0.540766796070079,0.540378973481403
"Kcnq1ot1",1.11804548381834,0.0687800376947734,-0.0696816421142863
"Tnfrsf26",0.968177509697768,-0.0316137464876105,-0.369956850734198
"Ppil4",0.121986564966596,0.803234252845645,0.462722906713835
"Adgrg6",0.0959225882548784,0.875623625752476,0.725728958151922
"Gm20139",-1.72274315745894,-0.487736988579858,-1.20240597765835
"Sgk1",-0.127894473688233,-0.573704261382002,-0.56794139191417
"Fyn",-0.0270652262541278,0.703204901033727,0.550111356599089
"Gm35154",-0.737995753844044,0.202223306777573,-0.0375729715791673
"Gm40645",1.1178870316738,0.451861876162666,-0.433827449460249
"Pkib",0.403848192096826,0.699290974330117,0.705361656196693
"Fabp7",0.994256171971691,0.63427381418854,0.944546178176471
"Gm5424",1.21995162767095,1.88805902810967,1.32784915899212
"Srgn",0.0570974050503636,0.53473759003883,0.366591201736099
"Sirt1",-0.8293717473672,-0.24563119089084,-0.492661856716849
"1110002J07Rik",-0.0411036822110851,1.02829466634687,1.35502974595959
"Cdk1",-0.285277873925157,0.766097235741085,0.840176709930776
"Pfkl",-1.39024593567092,-1.26965819306503,-0.282521311770993
"Gna15",0.22225119553668,-0.320857276125389,-0.784767022133369
"Txnrd1",0.454539235132298,-0.639898535264184,-0.742658157732135
"Chst11",0.349808264383155,0.53679398674228,0.519171609347207
"Gm33843",0.3933301289828,1.08756652127667,1.53389775190918
"Btg1",-0.51660539858185,0.0587975171011124,0.106344139430691
"Nts",0.195982796978182,0.808973833148008,0.828505747091159
"Lyz1",0.462863192017572,0.737096131082613,0.37441013433696
"Os9",-0.365522630769505,-0.0728152011694041,-0.538113956255752
"Naca",0.101352106654197,0.570785621474288,0.591455002209997
"Gm47093",-0.133598072974466,-2.19032511050511,-1.76353542520017
"Mmp19",0.650963997123609,-0.530282439245161,-0.677707812760828
"Mcemp1",-0.0876789528685284,0.572520191503068,0.482242157877121
"Alg11",1.42101461720038,0.866254538217166,1.09256951639012
"Fgfr1",-0.494417751245243,-1.34488954247821,-0.506316993436874
"Hgsnat",0.51731996658597,0.371880536105263,0.81227112671088
"Nrg1",0.394654691473362,0.707303134238974,0.446273149348434
"Gsr",-0.2579713907024,-0.863260740024549,-0.676696464094038
"Mtus1",0.548130645480276,0.403623992869258,0.31482109569098
"Hmgb2",-0.258741169425692,0.61437723230191,0.435390410108877
"Palld",0.40199133457684,0.78850027347949,0.848942116835046
"Rpl18a",-0.0472267143598799,0.655395677521921,0.628474013999479
"Use1",0.296983103761622,0.407857409976372,0.868622295680788
"Hmox1",0.767876897347708,-0.394338902389286,-0.393273474396188
"Anapc10",0.510827820944439,0.701476578706754,0.200594670832775
"Tecr",0.333741764361942,0.570164843556827,0.451308938109727
"Ccl22",-0.436293592938778,0.796800622995118,0.95748186217082
"Ccl17",0.219428791187491,0.980663640597253,1.0950921207043
"Terb1",-0.517895471418758,-0.562134787233969,-0.598017617535767
"Hp",-0.651031604174642,0.82038465304901,0.978882757497866
"Znrf1",-0.530496746454534,-0.394892589272839,-0.769163985750443
"Nrp1",0.0449902411799021,-0.488240741942427,-0.615561271055978
"Gm21399",1.03488988880236,-0.380769326048888,-0.286313925613165
"Rps24",0.0876056649461816,0.200263260873809,0.604712054302679
"Sh3bp5",-0.621224719216597,-0.264954415783968,-0.335456994356139
"Gm1821",0.769786046765088,0.994780680683697,0.670365129387946
"Phf11b",-0.0965881422044452,0.550406322771368,0.44414796794835
"Ptk2b",-0.295221447689577,-0.48937440659023,-0.684134173064876
"Rcbtb2",0.700790209071391,0.362723116804493,0.26884307618228
"Esd",0.612995889139281,-0.336177203729306,-0.409037688949519
"Gm49017",1.23447587280028,1.83316095261021,1.96179920162181
"Rap2a",-0.688375922636187,-0.124442100647562,-0.405898171593281
"Mmp12",0.587218686111493,0.0893900861442436,0.0318481355777838
"Mmp8",0.653536263516834,0.214087094361386,0.0774434014273737
"Tmem123",0.0133812515755141,0.489092079445462,1.10089879326089
"Endod1",-1.09113680385356,-0.583699484906565,-0.417640752990929
"Acp5",0.708317905922737,0.343790194909767,0.136876253233265
"Gm5055",0.27460452545308,0.921762042041199,1.02909615480208
"Hspa8",0.344181217061836,0.637569802171768,0.345484759123988
"Rps25",0.164568811164166,0.48694844554749,0.541274344695857
"Psma4",0.315641950321987,0.591903295873575,0.354360948915999
"Spg21",0.52453458597319,0.685117852339627,0.431005604804089
"Pclaf",-0.688619670377066,0.687877236562009,0.629860821604247
"Eef1a1",0.0723782006295579,0.588607261811031,0.4739241402598
"Bcl2a1d",0.113691863018325,0.528826621518263,0.487082251762654
"Ccrl2",0.543616012531869,0.566412144641621,0.135621381214353
"Bcl2a1c",0.165237119687123,0.697784598960717,0.591784944341796
"4930520O04Rik",0.508262321090767,1.0753682642758,1.93274958973445
"Azi2",-0.565675607992889,-0.368109837310006,-0.313959838743281
"Acaa1a",-0.649944076973016,-0.764177716844203,-0.377703886196618
"Ccr1",0.801072474866774,0.26849011919558,0.198354130830397
"Npm1",0.385653710984947,0.541658450056646,0.556184721080646
"Il12b",-0.519762526286529,1.18679402411892,0.817050460879921
"9530068E07Rik",-0.792203129385992,-0.474659045350706,-0.410586253496427
"Tnip1",-0.76546821525745,-0.387383739118978,-0.229326187963792
"Ubb",0.39748348047179,0.692723162125093,0.432636823278438
"2410006H16Rik",-0.621685525998752,0.401223219853476,0.76399759057513
"Pmp22",0.312832399371732,0.679945658729367,0.135380479846794
"Glp2r",0.409541509973408,-0.959647642159341,-0.640137778965768
"Mgl2",0.179553374622462,1.3329820171589,1.13317877271729
"Scimp",0.666409457424511,0.711223242819762,0.564188757353308
"Med31",0.457778327010483,0.871873778992414,0.796089496187557
"Xaf1",-0.0171736956519224,0.533958606632721,0.268880333194085
"Zzef1",0.169001082298989,0.864380279073976,0.295999043837123
"Cpd",-0.572778508025724,-0.187670410501105,-0.250437256965742
"Slc6a4",-0.635578001525681,-0.835006171709234,-1.54829941446774
"Nos2",-0.722530972248862,-0.450014612638363,-0.0940687389464818
"Suz12",0.215015391735778,0.872254578875291,0.732872276394166
"Zfp207",0.344690658356334,0.541608384832156,0.267448933281595
"Ccl12",0.00871796455374163,0.465527831474566,0.680753125690834
"Slfn4",-0.843768335248392,-0.178188083460721,-0.405765117938285
"E230016K23Rik",0.285965596696523,-0.582383145292735,-0.614424561188157
"Wfdc21",0.466889619222821,0.295133989570186,0.594232753452188
"Dusp14",-0.140056148762779,0.980722869192934,0.779673866000755
"Car4",0.00522408180435718,0.709709830003471,0.628738238483052
"Scpep1",0.733477228300886,0.682443566623473,0.272623527273186
"Tob1",-1.253023165559,-0.568542741840877,0.0328279906897357
"Ankrd40",-0.672693260386239,-0.876533407275681,-0.896346561001091
"Ccr7",-0.29885307090241,1.07536707577144,1.10529784692236
"Acly",0.511085933021709,0.522536282375301,0.24532453385751
"Gm46401",0.958565694104163,-0.00842686118656655,-0.0190455698340237
"Idi1",-1.71703554556059,-0.158463015963528,-0.69806952642005
"Gpr137b",0.520717189385457,-0.0114298342148595,-0.45285711667318
"Gm48444",0.752133035063602,0.167149585244071,-0.22930995667266
"Irf4",-0.321989721155031,0.387539748336136,0.622358189298785
"Serpinb6b",0.313608223734674,1.67947921728896,1.5615259511803
"Serpinb9",0.224383025793174,0.809861631401323,1.03110118431687
"Serpinb9b",0.521779151573146,0.690754282133287,0.480172016410297
"Ly86",-0.0831856208736994,0.731864452470923,0.634647531721223
"Cd83",-0.436043282558653,0.600355440805838,0.508904548730703
"Gm34084",-0.182915566194437,0.521183321090251,1.20670782977334
"Ctsl",0.671379533319449,0.0590224419452401,-0.124923096092346
"Slc12a7",-0.887135110474276,-0.481447384684174,-1.03923450340592
"Ftl1-ps1",0.215766298740347,-0.407254931894597,-0.654655064693889
"Glrx",0.398353327650974,0.62005949713997,0.412012360765203
"Mctp1",-0.238137485120942,-0.249456844725106,-0.595792593077263
"Rps23",0.430869232988109,0.344703464033575,0.692177690170686
"Col4a3bp",-0.413577503641745,-0.486925111157854,-0.829054891988212
"Btf3",0.263304682331015,0.55845488878367,0.488301706096035
"Ak6",0.916686359517811,0.709838578899885,0.699907812521267
"Ndufs4",0.229770792435921,0.435426753622555,0.504896789536956
"Tmem267",-0.572157520004506,-1.21839164205082,-1.28451418905021
"Pqlc3",0.836831206878364,0.336952015823394,-0.200241891171851
"Rps7",0.0852671038351129,0.74428971979653,0.63885749479851
"Pik3cg",1.98325384691481,1.04163000993137,1.13410240678537
"9130015A21Rik",-0.466835681761767,1.01442638490596,0.644157931621097
"Psma6",0.0240412915028632,0.484866623192946,0.539153021244083
"Eif2s1",0.520216902217181,0.563044178378555,0.34276328694854
"Flrt2",0.607498921996353,-0.192245977861834,0.00401054248273436
"Ifi27",0.670987139130276,-0.037142843122048,-0.0643565887231006
"Ifi27l2a",-0.588400057126094,0.368578711891878,0.385618702923288
"Gm40578",-0.690200977715651,-1.06306934591086,-0.762909454760624
"Crip1",-0.209384982445057,0.307399912656361,0.55225972357097
"Rpl37",0.232534413395539,0.503544005937828,0.53890159129989
"5430437J10Rik",-0.253559235048989,0.936265725055944,0.996417010404117
"Brix1",0.801149933587668,1.13719371130884,0.711212589983603
"Myo10",-0.604840515638296,-0.207585247134605,-0.219989961840165
"Cct5",0.366669180744862,0.50510362298795,0.422178556970057
"Rpl30",0.16233241461483,0.482768146972005,0.549150561643169
"Ankrd46",2.00262606494427,1.43831805074675,1.18228726644894
"Dcstamp",0.447227507018034,0.703745944372218,0.567606598720134
"Angpt1",-0.0228218354014285,-0.492078610560578,-0.85776536758824
"Eif3e",0.354076415830606,0.672866507873383,0.45547199973961
"Emc2",0.446358968469585,0.542496917432032,0.245995595098328
"Trps1",0.00226540967864342,0.670029365637004,0.530256748447257
"Sntb1",-0.394435072031144,-0.66218503161382,-1.31751910433321
"Gm15943",0.249150168427527,0.701412016945366,0.516524633683516
"Asap1",0.0153804265435662,0.557569538479012,0.431817155002339
"Ly6i",-0.737253064536301,0.390410394255793,0.339016979952687
"Ly6a",-1.23785089281867,-0.285764857801598,-0.834102076200828
"Ly6c2",-1.35083993705439,0.00240474578527117,-0.0838813105965741
"I830127L07Rik",-2.01590992003388,-0.397718678493215,-0.336606988306004
"Apol7c",-0.528491849991591,1.03103380971343,1.17708297023841
"Apol9b",-1.29472539679364,-0.0106921124702666,-0.158685195971918
"Eif3l",0.60839851561066,0.62678247891314,0.243922215555696
"Rpl3",0.218810156718327,0.620053129274901,0.537938610478637
"Tcf20",-0.527905421101387,-0.523772243736867,-0.458399086800823
"Slc48a1",1.01709408273161,-0.148541569922177,-0.25135100391002
"Cacnb3",-0.294767818091215,0.607963014087794,1.56336825990205
"Tuba1b",0.554420708818122,0.870905194942449,0.823493570451025
"Tuba1c",0.42235034144173,0.588885122470683,0.531312819393937
"Mucl1",-0.659211095715607,1.27020748256283,1.24779723559771
"Usp7",-1.14195113249813,-0.447028437911295,-0.15308125823432
"Snx29",-0.724247177614219,-0.479254581893517,-1.19473500216687
"Mrpl40",0.561376353672836,0.617454387582925,0.44585410902321
"Abcc5",-0.054160983016132,-0.523796883410495,-0.648777260191858
"Ap2m1",0.547239970075343,0.201176774648074,-0.174958388360205
"2010005H15Rik",-0.0732159400057846,0.791679999473573,1.32463582638046
"Cd86",-0.162568865854579,0.559050191357629,0.362922097848749
"Lsamp",0.337161846235401,0.757321729099552,0.317447855387126
"Abhd10",-0.9695007981933,-0.981420701134526,-0.573891730118188
"Gm7204",0.954886763709772,-0.368148698574013,-0.345184920860561
"Cldnd1",0.245758767107449,0.629737864285586,0.246567575767493
"Samsn1",-0.221332987303863,0.745204903409121,0.847718358599734
"Mir155hg",0.585664788559483,0.685601406601615,0.295875915805357
"Tulp4",0.452221997092195,-0.341216331060222,-0.668938388150239
"Igf2r",-0.117203534107045,-0.704753120870298,-0.706863972550613
"Mmp25",-0.778431569101188,0.584478745590359,0.853461430820767
"Clcn7",-0.506149612514903,-0.618264865351367,-0.52905861167592
"Ppil1",0.293194031506373,0.436521575008906,1.04084137283282
"BC004004",0.344836865836956,0.639332847076573,0.449879276216083
"Rps18",-0.0263569876462437,0.370510988215363,0.538591099980156
"Ring1",-0.417954641511427,-0.986727281302324,-0.585150262430771
"Tap1",-0.694057809633964,-0.184044562109038,-0.18162390541699
"H2-Aa",-0.0848266717178543,0.550789575360373,0.450550547915963
"Csnk2b",0.321161453935308,0.378237743712399,0.533198654434444
"Aif1",-0.753821891050069,0.158959838537813,0.669528322144372
"Trim26",-0.549683256043357,-0.223753542979021,-0.172049919131791
"Ebi3",-0.825146255909956,0.375294431782781,0.0809131521051896
"Gtf2f1",0.182157742132388,0.53281289601326,0.248100738900638
"C3",-0.657112411180706,0.233902485098437,0.120870884211929
"Ralbp1",0.0497671229766299,0.298954029080286,0.623803846124516
"Myl12b",0.300231582958267,0.656244228337927,0.641324298914482
"Emilin2",-1.18800772332185,-0.750289074263145,-0.0898977068281539
"Cox7a2l",-0.0834173395510494,0.473249717664322,0.560571565376028
"Gm47283",-0.165944156089529,-0.518263040978848,-0.751913876779748
"Polr2d",0.303833564218594,0.993132591619067,0.853835093640064
"Cd14",-0.167574352471767,0.517040974288729,0.268633250430872
"Dcp2",-0.57332516313225,-0.164291194906196,-0.194677983149877
"Iigp1",-0.924342810498546,-0.235444912963134,-0.246356835280688
"Cd74",-0.415990040349625,0.475841171431835,0.512891275598808
"Nars",0.412232466911352,0.545181830637505,0.204922657613712
"Pmaip1",-0.224357491711302,0.53569428553229,0.368026078806738
"Acaa2",0.79419829754266,0.375513393776658,0.335764261957677
"Tshz1",-0.170708909834425,-0.970804422743111,-1.15708232781192
"Cyb5a",0.595005256336122,-0.281918738090315,-0.238536365028688
"Rela",-0.863516076214836,-0.438336317416096,-0.252308376566261
"Eef1g",0.685764742133299,0.792008213036667,0.529945663041837
"Ms4a7",0.0126529669452387,0.700389318985708,0.415691455830275
"Ms4a6c",-1.27890601256437,0.261491149669761,-0.187256965769393
"Psat1",1.06812715494213,1.43135131111484,1.47376909119658
"Anxa1",0.567587764809945,0.561162643075788,0.29710723718982
"Tmem2",-0.60354585465028,-0.272691524817297,-0.19194352316332
"Plgrkt",0.100185719417497,0.528335231368506,0.301784939395071
"Pdcd1lg2",-0.0207699285929044,0.745966852864653,0.556848597340345
"Il33",-0.365597755278218,0.297264861198522,0.62626437647323
"Lipa",1.00437239855619,-0.0855591842121335,-0.405338553498447
"Ifit3",0.35183858430403,0.53734616520285,0.324063531344573
"Ifit1bl1",-0.274151776423897,0.63884004086239,0.371811051783621
"Ifit3b",0.468490110762668,0.696445674869892,0.45680182499258
"Cpeb3",0.729765030832356,0.887055944665497,0.836940049383703
"Blnk",-0.0481781889891923,0.508289382479822,0.325346275588434
"Got1",0.00122672168545623,0.606139327536323,0.26358164801443
"mt-Nd1",1.45011691127637,0.715169479848861,0.263886428967608
"mt-Nd2",0.706587869978518,0.324234917977755,0.107986362744584
"mt-Co1",0.546880101773985,0.634898068681792,0.306873075787728
"mt-Nd4",0.77401727341222,0.0291929269315947,-0.239475716746426
"mt-Cytb",1.14391145615135,0.363712027680569,-0.163401801829178
